{"cameraMode":{"drawMode":0,"name":"Shaded","section":"Shading Mode"},"sceneLighting":true,"audioPlay":false,"sceneViewState":{"showFog":true,"showMaterialUpdate":false,"showSkybox":true,"showFlares":true,"showImageEffects":true,"showParticleSystems":true},"in2DMode":false,"pivot":{"x":-0.007702909409999847,"y":0.7060601711273193,"z":20.714235305786134},"rotation":{"x":0.23240046203136445,"y":-0.09985768049955368,"z":0.023984678089618684,"w":0.9672031998634338},"size":0.2878372073173523,"orthographic":false}