{"cameraMode":{"drawMode":0,"name":"Shaded","section":"Shading Mode"},"sceneLighting":true,"audioPlay":false,"sceneViewState":{"showFog":true,"showMaterialUpdate":false,"showSkybox":true,"showFlares":true,"showImageEffects":true,"showParticleSystems":true},"in2DMode":false,"pivot":{"x":-0.11811685562133789,"y":3.3182475566864015,"z":-1.8465938568115235},"rotation":{"x":-0.00018077626009471714,"y":0.9882750511169434,"z":0.001176430145278573,"w":0.15270130336284638},"size":3.9563143253326418,"orthographic":false}