{"cameraMode":{"drawMode":0,"name":"Shaded","section":"Shading Mode"},"sceneLighting":false,"audioPlay":false,"sceneViewState":{"showFog":true,"showMaterialUpdate":false,"showSkybox":false,"showFlares":true,"showImageEffects":true,"showParticleSystems":true},"in2DMode":false,"pivot":{"x":-0.9301977157592773,"y":-453.8992614746094,"z":10.368656158447266},"rotation":{"x":-0.03900933638215065,"y":-0.9572166204452515,"z":0.24516697227954865,"w":-0.15037627518177033},"size":28.873085021972658,"orthographic":false}