{"cameraMode":{"drawMode":0,"name":"Shaded","section":"Shading Mode"},"sceneLighting":false,"audioPlay":false,"sceneViewState":{"showFog":true,"showMaterialUpdate":false,"showSkybox":false,"showFlares":true,"showImageEffects":true,"showParticleSystems":true},"in2DMode":false,"pivot":{"x":0.1312621831893921,"y":1.4384007453918458,"z":-4.410523414611816},"rotation":{"x":0.02939169481396675,"y":0.9676955342292786,"z":-0.13470080494880677,"w":0.21111850440502168},"size":2.275122880935669,"orthographic":false}