{"cameraMode":{"drawMode":0,"name":"Shaded","section":"Shading Mode"},"sceneLighting":true,"audioPlay":false,"sceneViewState":{"showFog":true,"showMaterialUpdate":false,"showSkybox":true,"showFlares":true,"showImageEffects":true,"showParticleSystems":true},"in2DMode":false,"pivot":{"x":0.0,"y":0.800000011920929,"z":0.6499999761581421},"rotation":{"x":-0.3274112343788147,"y":-0.40592408180236819,"z":0.15852268040180207,"w":-0.8383932113647461},"size":2.4073948860168459,"orthographic":false}